[{"pk": 2, "model": "theleague.division", "fields": {"date_created": "2012-02-22 09:17:34", "slug": "badger", "league": 1, "name": "Badger", "date_modified": "2012-02-22 09:17:34"}}, {"pk": 1, "model": "theleague.division", "fields": {"date_created": "2012-02-22 09:17:16", "slug": "honey", "league": 1, "name": "Honey", "date_modified": "2012-02-22 09:17:16"}}, {"pk": 1, "model": "theleague.league", "fields": {"date_created": "2012-02-22 09:17:13", "slug": "dppl", "name": "DPPL", "date_modified": "2012-02-22 09:17:13"}}, {"pk": 1, "model": "theleague.season", "fields": {"league": 1, "go_dead_date": "2012-04-05", "name": "Spring, 2012", "date_modified": "2012-03-06 12:06:38", "go_live_date": "2012-02-05", "date_created": "2012-03-05 15:48:28", "slug": "spring-2012"}}, {"pk": 10, "model": "theleague.match", "fields": {"division": 2, "date_modified": "2012-03-06 12:34:46", "team1": 18, "team2": 17, "date_created": "2012-03-05 16:48:31", "team2_score": null, "team1_score": null, "round": 1}}, {"pk": 9, "model": "theleague.match", "fields": {"division": 2, "date_modified": "2012-03-06 12:34:46", "team1": 9, "team2": 16, "date_created": "2012-03-05 16:47:47", "team2_score": null, "team1_score": null, "round": 1}}, {"pk": 8, "model": "theleague.match", "fields": {"division": 2, "date_modified": "2012-03-06 12:34:46", "team1": 8, "team2": 15, "date_created": "2012-03-05 16:47:36", "team2_score": null, "team1_score": null, "round": 1}}, {"pk": 7, "model": "theleague.match", "fields": {"division": 2, "date_modified": "2012-03-06 12:34:46", "team1": 7, "team2": 14, "date_created": "2012-03-05 16:47:25", "team2_score": null, "team1_score": null, "round": 1}}, {"pk": 6, "model": "theleague.match", "fields": {"division": 1, "date_modified": "2012-03-06 12:34:46", "team1": 1, "team2": 13, "date_created": "2012-03-05 16:47:05", "team2_score": null, "team1_score": null, "round": 1}}, {"pk": 5, "model": "theleague.match", "fields": {"division": 1, "date_modified": "2012-03-06 12:34:46", "team1": 5, "team2": 12, "date_created": "2012-03-05 16:46:59", "team2_score": null, "team1_score": null, "round": 1}}, {"pk": 4, "model": "theleague.match", "fields": {"division": 1, "date_modified": "2012-03-06 12:34:46", "team1": 4, "team2": 11, "date_created": "2012-03-05 16:46:42", "team2_score": null, "team1_score": null, "round": 1}}, {"pk": 3, "model": "theleague.match", "fields": {"division": 1, "date_modified": "2012-03-06 12:34:46", "team1": 3, "team2": 10, "date_created": "2012-03-05 16:43:24", "team2_score": null, "team1_score": null, "round": 1}}, {"pk": 26, "model": "theleague.match", "fields": {"division": 2, "date_modified": "2012-03-06 12:34:45", "team1": 9, "team2": 18, "date_created": "2012-03-05 16:54:31", "team2_score": null, "team1_score": null, "round": 2}}, {"pk": 20, "model": "theleague.match", "fields": {"division": 1, "date_modified": "2012-03-06 12:34:45", "team1": 3, "team2": 12, "date_created": "2012-03-05 16:53:28", "team2_score": null, "team1_score": null, "round": 2}}, {"pk": 21, "model": "theleague.match", "fields": {"division": 1, "date_modified": "2012-03-06 12:34:45", "team1": 4, "team2": 13, "date_created": "2012-03-05 16:53:41", "team2_score": null, "team1_score": null, "round": 2}}, {"pk": 22, "model": "theleague.match", "fields": {"division": 1, "date_modified": "2012-03-06 12:34:45", "team1": 5, "team2": 1, "date_created": "2012-03-05 16:53:51", "team2_score": null, "team1_score": null, "round": 2}}, {"pk": 23, "model": "theleague.match", "fields": {"division": 2, "date_modified": "2012-03-06 12:34:45", "team1": 14, "team2": 6, "date_created": "2012-03-05 16:54:02", "team2_score": null, "team1_score": null, "round": 2}}, {"pk": 11, "model": "theleague.match", "fields": {"division": 1, "date_modified": "2012-03-06 12:34:45", "team1": 10, "team2": 2, "date_created": "2012-03-05 16:48:59", "team2_score": null, "team1_score": null, "round": 2}}, {"pk": 24, "model": "theleague.match", "fields": {"division": 2, "date_modified": "2012-03-06 12:34:45", "team1": 7, "team2": 16, "date_created": "2012-03-05 16:54:14", "team2_score": null, "team1_score": null, "round": 2}}, {"pk": 25, "model": "theleague.match", "fields": {"division": 2, "date_modified": "2012-03-06 12:34:45", "team1": 8, "team2": 17, "date_created": "2012-03-05 16:54:22", "team2_score": null, "team1_score": null, "round": 2}}, {"pk": 34, "model": "theleague.match", "fields": {"division": 2, "date_modified": "2012-03-06 12:34:45", "team1": 8, "team2": 9, "date_created": "2012-03-05 16:57:10", "team2_score": null, "team1_score": null, "round": 3}}, {"pk": 33, "model": "theleague.match", "fields": {"division": 2, "date_modified": "2012-03-06 12:34:45", "team1": 7, "team2": 18, "date_created": "2012-03-05 16:57:04", "team2_score": null, "team1_score": null, "round": 3}}, {"pk": 32, "model": "theleague.match", "fields": {"division": 2, "date_modified": "2012-03-06 12:34:45", "team1": 14, "team2": 16, "date_created": "2012-03-05 16:56:55", "team2_score": null, "team1_score": null, "round": 3}}, {"pk": 31, "model": "theleague.match", "fields": {"division": 2, "date_modified": "2012-03-06 12:34:45", "team1": 6, "team2": 15, "date_created": "2012-03-05 16:56:45", "team2_score": null, "team1_score": null, "round": 3}}, {"pk": 30, "model": "theleague.match", "fields": {"division": 1, "date_modified": "2012-03-06 12:34:45", "team1": 10, "team2": 12, "date_created": "2012-03-05 16:56:35", "team2_score": null, "team1_score": null, "round": 3}}, {"pk": 29, "model": "theleague.match", "fields": {"division": 1, "date_modified": "2012-03-06 12:34:45", "team1": 4, "team2": 5, "date_created": "2012-03-05 16:56:25", "team2_score": null, "team1_score": null, "round": 3}}, {"pk": 28, "model": "theleague.match", "fields": {"division": 1, "date_modified": "2012-03-06 12:34:45", "team1": 1, "team2": 3, "date_created": "2012-03-05 16:56:20", "team2_score": null, "team1_score": null, "round": 3}}, {"pk": 27, "model": "theleague.match", "fields": {"division": 1, "date_modified": "2012-03-06 12:34:45", "team1": 2, "team2": 11, "date_created": "2012-03-05 16:56:15", "team2_score": null, "team1_score": null, "round": 3}}, {"pk": 35, "model": "theleague.match", "fields": {"division": 1, "date_modified": "2012-03-06 12:34:45", "team1": 2, "team2": 12, "date_created": "2012-03-05 16:57:40", "team2_score": null, "team1_score": null, "round": 4}}, {"pk": 36, "model": "theleague.match", "fields": {"division": 1, "date_modified": "2012-03-06 12:34:45", "team1": 3, "team2": 4, "date_created": "2012-03-05 16:57:46", "team2_score": null, "team1_score": null, "round": 4}}, {"pk": 37, "model": "theleague.match", "fields": {"division": 1, "date_modified": "2012-03-06 12:34:45", "team1": 10, "team2": 1, "date_created": "2012-03-05 16:57:51", "team2_score": null, "team1_score": null, "round": 4}}, {"pk": 38, "model": "theleague.match", "fields": {"division": 1, "date_modified": "2012-03-06 12:34:45", "team1": 13, "team2": 11, "date_created": "2012-03-05 16:58:01", "team2_score": null, "team1_score": null, "round": 4}}, {"pk": 39, "model": "theleague.match", "fields": {"division": 2, "date_modified": "2012-03-06 12:34:45", "team1": 16, "team2": 6, "date_created": "2012-03-05 16:58:08", "team2_score": null, "team1_score": null, "round": 4}}, {"pk": 40, "model": "theleague.match", "fields": {"division": 2, "date_modified": "2012-03-06 12:34:45", "team1": 17, "team2": 15, "date_created": "2012-03-05 16:58:14", "team2_score": null, "team1_score": null, "round": 4}}, {"pk": 41, "model": "theleague.match", "fields": {"division": 2, "date_modified": "2012-03-06 12:34:45", "team1": 18, "team2": 14, "date_created": "2012-03-05 16:58:19", "team2_score": null, "team1_score": null, "round": 4}}, {"pk": 42, "model": "theleague.match", "fields": {"division": 2, "date_modified": "2012-03-06 12:34:45", "team1": 7, "team2": 8, "date_created": "2012-03-05 16:58:25", "team2_score": null, "team1_score": null, "round": 4}}, {"pk": 50, "model": "theleague.match", "fields": {"division": 2, "date_modified": "2012-03-06 12:34:46", "team1": 14, "team2": 8, "date_created": "2012-03-05 16:59:36", "team2_score": null, "team1_score": null, "round": 5}}, {"pk": 49, "model": "theleague.match", "fields": {"division": 2, "date_modified": "2012-03-06 12:34:46", "team1": 15, "team2": 9, "date_created": "2012-03-05 16:59:29", "team2_score": null, "team1_score": null, "round": 5}}, {"pk": 48, "model": "theleague.match", "fields": {"division": 2, "date_modified": "2012-03-06 12:34:46", "team1": 16, "team2": 18, "date_created": "2012-03-05 16:59:21", "team2_score": null, "team1_score": null, "round": 5}}, {"pk": 47, "model": "theleague.match", "fields": {"division": 2, "date_modified": "2012-03-06 12:34:46", "team1": 6, "team2": 17, "date_created": "2012-03-05 16:59:10", "team2_score": null, "team1_score": null, "round": 5}}, {"pk": 46, "model": "theleague.match", "fields": {"division": 1, "date_modified": "2012-03-06 12:34:45", "team1": 12, "team2": 1, "date_created": "2012-03-05 16:59:05", "team2_score": null, "team1_score": null, "round": 5}}, {"pk": 45, "model": "theleague.match", "fields": {"division": 1, "date_modified": "2012-03-06 12:34:45", "team1": 11, "team2": 5, "date_created": "2012-03-05 16:58:59", "team2_score": null, "team1_score": null, "round": 5}}, {"pk": 44, "model": "theleague.match", "fields": {"division": 1, "date_modified": "2012-03-06 12:34:45", "team1": 4, "team2": 10, "date_created": "2012-03-05 16:58:52", "team2_score": null, "team1_score": null, "round": 5}}, {"pk": 43, "model": "theleague.match", "fields": {"division": 1, "date_modified": "2012-03-06 12:34:45", "team1": 2, "team2": 13, "date_created": "2012-03-05 16:58:47", "team2_score": null, "team1_score": null, "round": 5}}, {"pk": 55, "model": "theleague.match", "fields": {"division": 2, "date_modified": "2012-03-06 12:34:46", "team1": 18, "team2": 6, "date_created": "2012-03-05 17:00:22", "team2_score": null, "team1_score": null, "round": 6}}, {"pk": 51, "model": "theleague.match", "fields": {"division": 1, "date_modified": "2012-03-06 12:34:46", "team1": 1, "team2": 2, "date_created": "2012-03-05 17:00:00", "team2_score": null, "team1_score": null, "round": 6}}, {"pk": 52, "model": "theleague.match", "fields": {"division": 1, "date_modified": "2012-03-06 12:34:46", "team1": 11, "team2": 3, "date_created": "2012-03-05 17:00:04", "team2_score": null, "team1_score": null, "round": 6}}, {"pk": 53, "model": "theleague.match", "fields": {"division": 1, "date_modified": "2012-03-06 12:34:46", "team1": 12, "team2": 4, "date_created": "2012-03-05 17:00:08", "team2_score": null, "team1_score": null, "round": 6}}, {"pk": 54, "model": "theleague.match", "fields": {"division": 1, "date_modified": "2012-03-06 12:34:46", "team1": 5, "team2": 13, "date_created": "2012-03-05 17:00:13", "team2_score": null, "team1_score": null, "round": 6}}, {"pk": 56, "model": "theleague.match", "fields": {"division": 2, "date_modified": "2012-03-06 12:34:46", "team1": 17, "team2": 9, "date_created": "2012-03-05 17:00:27", "team2_score": null, "team1_score": null, "round": 6}}, {"pk": 57, "model": "theleague.match", "fields": {"division": 2, "date_modified": "2012-03-06 12:34:46", "team1": 16, "team2": 8, "date_created": "2012-03-05 17:00:32", "team2_score": null, "team1_score": null, "round": 6}}, {"pk": 58, "model": "theleague.match", "fields": {"division": 2, "date_modified": "2012-03-06 12:34:46", "team1": 15, "team2": 7, "date_created": "2012-03-05 17:00:38", "team2_score": null, "team1_score": null, "round": 6}}, {"pk": 59, "model": "theleague.match", "fields": {"division": 1, "date_modified": "2012-03-06 12:34:46", "team1": 2, "team2": 5, "date_created": "2012-03-05 17:01:14", "team2_score": null, "team1_score": null, "round": 7}}, {"pk": 60, "model": "theleague.match", "fields": {"division": 2, "date_modified": "2012-03-06 12:34:46", "team1": 9, "team2": 3, "date_created": "2012-03-05 17:01:18", "team2_score": null, "team1_score": null, "round": 7}}, {"pk": 61, "model": "theleague.match", "fields": {"division": 1, "date_modified": "2012-03-06 12:34:46", "team1": 1, "team2": 4, "date_created": "2012-03-05 17:01:22", "team2_score": null, "team1_score": null, "round": 7}}, {"pk": 62, "model": "theleague.match", "fields": {"division": 1, "date_modified": "2012-03-06 12:34:46", "team1": 11, "team2": 10, "date_created": "2012-03-05 17:01:35", "team2_score": null, "team1_score": null, "round": 7}}, {"pk": 63, "model": "theleague.match", "fields": {"division": 2, "date_modified": "2012-03-06 12:34:46", "team1": 9, "team2": 6, "date_created": "2012-03-05 17:01:46", "team2_score": null, "team1_score": null, "round": 7}}, {"pk": 64, "model": "theleague.match", "fields": {"division": 2, "date_modified": "2012-03-06 12:34:46", "team1": 18, "team2": 8, "date_created": "2012-03-05 17:01:52", "team2_score": null, "team1_score": null, "round": 7}}, {"pk": 65, "model": "theleague.match", "fields": {"division": 2, "date_modified": "2012-03-06 12:34:46", "team1": 17, "team2": 7, "date_created": "2012-03-05 17:01:59", "team2_score": null, "team1_score": null, "round": 7}}, {"pk": 66, "model": "theleague.match", "fields": {"division": 2, "date_modified": "2012-03-06 12:34:46", "team1": 15, "team2": 14, "date_created": "2012-03-05 17:02:09", "team2_score": null, "team1_score": null, "round": 7}}, {"pk": 67, "model": "theleague.match", "fields": {"division": 1, "date_modified": "2012-03-06 12:34:46", "team1": 4, "team2": 2, "date_created": "2012-03-05 17:02:29", "team2_score": null, "team1_score": null, "round": 8}}, {"pk": 68, "model": "theleague.match", "fields": {"division": 1, "date_modified": "2012-03-06 12:34:46", "team1": 3, "team2": 5, "date_created": "2012-03-05 17:02:33", "team2_score": null, "team1_score": null, "round": 8}}, {"pk": 69, "model": "theleague.match", "fields": {"division": 1, "date_modified": "2012-03-06 12:34:46", "team1": 13, "team2": 10, "date_created": "2012-03-05 17:02:50", "team2_score": null, "team1_score": null, "round": 8}}, {"pk": 70, "model": "theleague.match", "fields": {"division": 1, "date_modified": "2012-03-06 12:34:46", "team1": 12, "team2": 11, "date_created": "2012-03-05 17:02:58", "team2_score": null, "team1_score": null, "round": 8}}, {"pk": 71, "model": "theleague.match", "fields": {"division": 2, "date_modified": "2012-03-06 12:34:46", "team1": 8, "team2": 6, "date_created": "2012-03-05 17:03:04", "team2_score": null, "team1_score": null, "round": 8}}, {"pk": 72, "model": "theleague.match", "fields": {"division": 2, "date_modified": "2012-03-06 12:34:46", "team1": 9, "team2": 7, "date_created": "2012-03-05 17:03:11", "team2_score": null, "team1_score": null, "round": 8}}, {"pk": 73, "model": "theleague.match", "fields": {"division": 2, "date_modified": "2012-03-06 12:34:46", "team1": 14, "team2": 17, "date_created": "2012-03-05 17:03:16", "team2_score": null, "team1_score": null, "round": 8}}, {"pk": 74, "model": "theleague.match", "fields": {"division": 2, "date_modified": "2012-03-06 12:34:46", "team1": 16, "team2": 15, "date_created": "2012-03-05 17:03:22", "team2_score": null, "team1_score": null, "round": 8}}, {"pk": 82, "model": "theleague.match", "fields": {"division": 2, "date_modified": "2012-03-06 12:34:46", "team1": 17, "team2": 16, "date_created": "2012-03-05 17:04:50", "team2_score": null, "team1_score": null, "round": 9}}, {"pk": 81, "model": "theleague.match", "fields": {"division": 2, "date_modified": "2012-03-06 12:34:46", "team1": 18, "team2": 15, "date_created": "2012-03-05 17:04:43", "team2_score": null, "team1_score": null, "round": 9}}, {"pk": 80, "model": "theleague.match", "fields": {"division": 2, "date_modified": "2012-03-06 12:34:46", "team1": 14, "team2": 9, "date_created": "2012-03-05 17:04:36", "team2_score": null, "team1_score": null, "round": 9}}, {"pk": 79, "model": "theleague.match", "fields": {"division": 2, "date_modified": "2012-03-06 12:34:46", "team1": 6, "team2": 7, "date_created": "2012-03-05 17:04:26", "team2_score": null, "team1_score": null, "round": 9}}, {"pk": 78, "model": "theleague.match", "fields": {"division": 1, "date_modified": "2012-03-06 12:34:46", "team1": 13, "team2": 12, "date_created": "2012-03-05 17:04:20", "team2_score": null, "team1_score": null, "round": 9}}, {"pk": 77, "model": "theleague.match", "fields": {"division": 1, "date_modified": "2012-03-06 12:34:46", "team1": 1, "team2": 11, "date_created": "2012-03-05 17:04:12", "team2_score": null, "team1_score": null, "round": 9}}, {"pk": 76, "model": "theleague.match", "fields": {"division": 1, "date_modified": "2012-03-06 12:34:46", "team1": 5, "team2": 10, "date_created": "2012-03-05 17:04:08", "team2_score": null, "team1_score": null, "round": 9}}, {"pk": 75, "model": "theleague.match", "fields": {"division": 1, "date_modified": "2012-03-06 12:34:46", "team1": 2, "team2": 3, "date_created": "2012-03-05 17:03:59", "team2_score": null, "team1_score": null, "round": 9}}, {"pk": 1, "model": "theleague.round", "fields": {"go_dead_date": "2012-03-19 18:59:59", "name": "Week 1", "short_name": "1", "date_modified": "2012-03-07 09:11:59", "season": 1, "go_live_date": "2012-03-12 19:00:00", "date_created": "2012-03-06 12:01:09"}}, {"pk": 2, "model": "theleague.round", "fields": {"go_dead_date": "2012-03-26 18:59:59", "name": "Week 2", "short_name": "2", "date_modified": "2012-03-07 09:12:02", "season": 1, "go_live_date": "2012-03-19 19:00:00", "date_created": "2012-03-06 12:01:09"}}, {"pk": 3, "model": "theleague.round", "fields": {"go_dead_date": "2012-04-02 18:59:59", "name": "Week 3", "short_name": "3", "date_modified": "2012-03-07 09:12:06", "season": 1, "go_live_date": "2012-03-26 19:00:00", "date_created": "2012-03-06 12:01:09"}}, {"pk": 4, "model": "theleague.round", "fields": {"go_dead_date": "2012-04-09 18:59:59", "name": "Week 4", "short_name": "4", "date_modified": "2012-03-07 09:12:09", "season": 1, "go_live_date": "2012-04-02 19:00:00", "date_created": "2012-03-06 12:06:38"}}, {"pk": 5, "model": "theleague.round", "fields": {"go_dead_date": "2012-04-16 18:59:59", "name": "Week 5", "short_name": "5", "date_modified": "2012-03-07 09:12:12", "season": 1, "go_live_date": "2012-04-09 19:00:00", "date_created": "2012-03-06 12:06:38"}}, {"pk": 6, "model": "theleague.round", "fields": {"go_dead_date": "2012-04-23 18:59:59", "name": "Week 6", "short_name": "6", "date_modified": "2012-03-07 09:12:14", "season": 1, "go_live_date": "2012-04-16 19:00:00", "date_created": "2012-03-06 12:06:38"}}, {"pk": 7, "model": "theleague.round", "fields": {"go_dead_date": "2012-04-30 18:59:59", "name": "Week 7", "short_name": "7", "date_modified": "2012-03-07 09:12:25", "season": 1, "go_live_date": "2012-04-23 19:00:00", "date_created": "2012-03-06 12:06:38"}}, {"pk": 8, "model": "theleague.round", "fields": {"go_dead_date": "2012-05-07 18:59:00", "name": "Week 8", "short_name": "8", "date_modified": "2012-03-07 09:12:29", "season": 1, "go_live_date": "2012-04-30 19:00:00", "date_created": "2012-03-06 12:06:38"}}, {"pk": 9, "model": "theleague.round", "fields": {"go_dead_date": "2012-05-13 18:59:59", "name": "Week 9", "short_name": "9", "date_modified": "2012-03-07 09:12:32", "season": 1, "go_live_date": "2012-05-07 19:00:00", "date_created": "2012-03-06 12:06:38"}}, {"pk": 7, "model": "theleague.team", "fields": {"website": "http://anomaly.com/", "city": "", "name": "Anomaly", "division": 2, "date_modified": "2012-03-05 16:04:39", "description": "", "state": "", "contact_email": "", "abbr": "ANM", "address": "", "date_created": "2012-03-05 16:04:39", "contact_name": "", "slug": "anomaly", "zip_code": ""}}, {"pk": 1, "model": "theleague.team", "fields": {"website": "", "city": "", "name": "Blenderbox", "division": 1, "date_modified": "2012-02-22 09:17:20", "description": "", "state": "", "contact_email": "", "abbr": "BBX", "address": "", "date_created": "2012-02-22 09:17:20", "contact_name": "", "slug": "blenderbox", "zip_code": ""}}, {"pk": 15, "model": "theleague.team", "fields": {"website": "", "city": "", "name": "Code & Theory", "division": 2, "date_modified": "2012-03-05 16:06:48", "description": "", "state": "", "contact_email": "", "abbr": "CNT", "address": "", "date_created": "2012-03-05 16:06:48", "contact_name": "", "slug": "code-theory", "zip_code": ""}}, {"pk": 4, "model": "theleague.team", "fields": {"website": "http://www.digitas.com/", "city": "", "name": "Digitas", "division": 1, "date_modified": "2012-03-05 17:08:37", "description": "", "state": "", "contact_email": "", "abbr": "DGT", "address": "", "date_created": "2012-03-05 16:01:25", "contact_name": "", "slug": "digitas", "zip_code": ""}}, {"pk": 16, "model": "theleague.team", "fields": {"website": "", "city": "", "name": "Droga5", "division": 2, "date_modified": "2012-03-05 16:06:59", "description": "", "state": "", "contact_email": "", "abbr": "DG5", "address": "", "date_created": "2012-03-05 16:06:59", "contact_name": "", "slug": "droga5", "zip_code": ""}}, {"pk": 17, "model": "theleague.team", "fields": {"website": "", "city": "", "name": "Fi", "division": 2, "date_modified": "2012-03-05 16:07:07", "description": "", "state": "", "contact_email": "", "abbr": "FI", "address": "", "date_created": "2012-03-05 16:07:07", "contact_name": "", "slug": "fi", "zip_code": ""}}, {"pk": 10, "model": "theleague.team", "fields": {"website": "", "city": "", "name": "JWT", "division": 1, "date_modified": "2012-03-05 17:08:58", "description": "", "state": "", "contact_email": "", "abbr": "JWT", "address": "", "date_created": "2012-03-05 16:05:38", "contact_name": "", "slug": "jwt", "zip_code": ""}}, {"pk": 18, "model": "theleague.team", "fields": {"website": "", "city": "", "name": "LBi", "division": 2, "date_modified": "2012-03-05 16:48:10", "description": "", "state": "", "contact_email": "", "abbr": "LBI", "address": "", "date_created": "2012-03-05 16:48:10", "contact_name": "", "slug": "lbi", "zip_code": ""}}, {"pk": 2, "model": "theleague.team", "fields": {"website": "http://pivotallabs.com/", "city": "", "name": "Pivotal", "division": 1, "date_modified": "2012-03-05 17:08:19", "description": "", "state": "", "contact_email": "", "abbr": "PVT", "address": "", "date_created": "2012-03-05 16:00:25", "contact_name": "", "slug": "pivotal", "zip_code": ""}}, {"pk": 5, "model": "theleague.team", "fields": {"website": "http://www.profero.com/", "city": "", "name": "Profero", "division": 1, "date_modified": "2012-03-05 17:08:42", "description": "", "state": "", "contact_email": "", "abbr": "PFO", "address": "", "date_created": "2012-03-05 16:01:55", "contact_name": "", "slug": "profero", "zip_code": ""}}, {"pk": 9, "model": "theleague.team", "fields": {"website": "", "city": "", "name": "Red Antler", "division": 2, "date_modified": "2012-03-05 16:05:27", "description": "", "state": "", "contact_email": "", "abbr": "RED", "address": "", "date_created": "2012-03-05 16:05:27", "contact_name": "", "slug": "red-antler", "zip_code": ""}}, {"pk": 13, "model": "theleague.team", "fields": {"website": "", "city": "", "name": "Redscout", "division": 1, "date_modified": "2012-03-05 17:08:46", "description": "", "state": "", "contact_email": "", "abbr": "RSC", "address": "", "date_created": "2012-03-05 16:06:23", "contact_name": "", "slug": "redscout", "zip_code": ""}}, {"pk": 3, "model": "theleague.team", "fields": {"website": "http://www.rga.com/", "city": "", "name": "R/GA", "division": 1, "date_modified": "2012-03-05 17:08:33", "description": "", "state": "", "contact_email": "", "abbr": "RGA", "address": "", "date_created": "2012-03-05 16:00:55", "contact_name": "", "slug": "rga", "zip_code": ""}}, {"pk": 6, "model": "theleague.team", "fields": {"website": "http://www.rokkan.com/", "city": "", "name": "Rokkkan", "division": 2, "date_modified": "2012-03-05 16:03:50", "description": "", "state": "", "contact_email": "", "abbr": "RKN", "address": "", "date_created": "2012-03-05 16:03:50", "contact_name": "", "slug": "rokkkan", "zip_code": ""}}, {"pk": 11, "model": "theleague.team", "fields": {"website": "", "city": "", "name": "Sylvain Labs", "division": 1, "date_modified": "2012-03-05 17:08:53", "description": "", "state": "", "contact_email": "", "abbr": "SYL", "address": "", "date_created": "2012-03-05 16:05:48", "contact_name": "", "slug": "sylvain-labs", "zip_code": ""}}, {"pk": 14, "model": "theleague.team", "fields": {"website": "", "city": "", "name": "Syrup", "division": 2, "date_modified": "2012-03-05 16:06:34", "description": "", "state": "", "contact_email": "", "abbr": "SUP", "address": "", "date_created": "2012-03-05 16:06:34", "contact_name": "", "slug": "syrup", "zip_code": ""}}, {"pk": 12, "model": "theleague.team", "fields": {"website": "", "city": "", "name": "The Barbarian Group", "division": 1, "date_modified": "2012-03-05 17:08:49", "description": "", "state": "", "contact_email": "", "abbr": "TBG", "address": "", "date_created": "2012-03-05 16:06:00", "contact_name": "", "slug": "barbarian-group", "zip_code": ""}}, {"pk": 8, "model": "theleague.team", "fields": {"website": "", "city": "", "name": "UC", "division": 2, "date_modified": "2012-03-05 16:05:15", "description": "", "state": "", "contact_email": "", "abbr": "UC", "address": "", "date_created": "2012-03-05 16:05:15", "contact_name": "", "slug": "uc", "zip_code": ""}}]